{
  "title": "QRA Event Summary",
  "rows": [
    {
      "headline_bucket": "control_hold",
      "DGS10_d1": 0.0216666666666666,
      "DGS10_d3": 0.0033333333333331,
      "DGS2_d1": 0.0483333333333334,
      "DGS2_d3": 0.0433333333333334,
      "DGS30_d1": -0.0066666666666665,
      "DGS30_d3": -0.0166666666666665,
      "SP500_d1": -28.921666666666624,
      "SP500_d3": -36.74666666666667,
      "THREEFYTP10_d1": 0.0102666666666666,
      "THREEFYTP10_d3": 0.0027999999999999,
      "VIXCLS_d1": -0.0316666666666665,
      "VIXCLS_d3": -0.6933333333333328,
      "slope_10y_2y_d1": -0.0266666666666668,
      "slope_10y_2y_d3": -0.0400000000000002,
      "slope_30y_2y_d1": -0.0549999999999999,
      "slope_30y_2y_d3": -0.0599999999999999
    },
    {
      "headline_bucket": "easing",
      "DGS10_d1": -0.0425,
      "DGS10_d3": -0.0750000000000001,
      "DGS2_d1": -0.0374999999999999,
      "DGS2_d3": -0.0774999999999998,
      "DGS30_d1": -0.035,
      "DGS30_d3": -0.0599999999999999,
      "SP500_d1": 53.95749999999998,
      "SP500_d3": 77.79999999999995,
      "THREEFYTP10_d1": -0.01575,
      "THREEFYTP10_d3": -0.0323249999999999,
      "VIXCLS_d1": -2.45,
      "VIXCLS_d3": -2.5825000000000005,
      "slope_10y_2y_d1": -0.0050000000000001,
      "slope_10y_2y_d3": 0.0024999999999997,
      "slope_30y_2y_d1": 0.0024999999999999,
      "slope_30y_2y_d3": 0.0174999999999999
    },
    {
      "headline_bucket": "tightening",
      "DGS10_d1": -0.025,
      "DGS10_d3": -0.0049999999999998,
      "DGS2_d1": -0.0624999999999998,
      "DGS2_d3": -0.1224999999999998,
      "DGS30_d1": 0.0025000000000001,
      "DGS30_d3": 0.0575,
      "SP500_d1": -38.1724999999999,
      "SP500_d3": -71.47249999999974,
      "THREEFYTP10_d1": -0.015375,
      "THREEFYTP10_d3": -0.02245,
      "VIXCLS_d1": 1.1800000000000002,
      "VIXCLS_d3": 2.255,
      "slope_10y_2y_d1": 0.0374999999999998,
      "slope_10y_2y_d3": 0.1174999999999998,
      "slope_30y_2y_d1": 0.065,
      "slope_30y_2y_d3": 0.1799999999999998
    }
  ]
}
