{
  "title": "QRA Event Summary",
  "rows": [
    {
      "expected_direction": "easing_coupon_restraint",
      "DGS10_d1": -0.0550000000000001,
      "DGS10_d3": -0.1600000000000001,
      "DGS2_d1": -0.04,
      "DGS2_d3": -0.0849999999999999,
      "DGS30_d1": -0.04,
      "DGS30_d3": -0.1499999999999998,
      "SP500_d1": 35.51999999999998,
      "SP500_d3": 97.50999999999976,
      "THREEFYTP10_d1": -0.0228,
      "THREEFYTP10_d3": -0.0662999999999999,
      "VIXCLS_d1": -1.4399999999999995,
      "VIXCLS_d3": -2.6799999999999997,
      "slope_10y_2y_d1": -0.0150000000000001,
      "slope_10y_2y_d3": -0.0750000000000001,
      "slope_30y_2y_d1": 0.0,
      "slope_30y_2y_d3": -0.0649999999999999
    },
    {
      "expected_direction": "easing_hold_duration_constant",
      "DGS10_d1": 0.0,
      "DGS10_d3": -0.0550000000000001,
      "DGS2_d1": -0.0049999999999999,
      "DGS2_d3": -0.0899999999999998,
      "DGS30_d1": -0.0049999999999999,
      "DGS30_d3": -0.0399999999999999,
      "SP500_d1": -48.88999999999987,
      "SP500_d3": -34.63499999999977,
      "THREEFYTP10_d1": -0.0032499999999999,
      "THREEFYTP10_d3": -0.0299999999999999,
      "VIXCLS_d1": 0.3600000000000003,
      "VIXCLS_d3": -0.125,
      "slope_10y_2y_d1": 0.0049999999999999,
      "slope_10y_2y_d3": 0.0349999999999996,
      "slope_30y_2y_d1": 0.0,
      "slope_30y_2y_d3": 0.0499999999999998
    },
    {
      "expected_direction": "mixed_modest_tightening",
      "DGS10_d1": -0.0449999999999999,
      "DGS10_d3": -0.1399999999999996,
      "DGS2_d1": -0.0100000000000002,
      "DGS2_d3": -0.0900000000000002,
      "DGS30_d1": -0.0449999999999999,
      "DGS30_d3": -0.1350000000000002,
      "SP500_d1": -41.14000000000033,
      "SP500_d3": -50.530000000000655,
      "THREEFYTP10_d1": -0.0216499999999999,
      "THREEFYTP10_d3": -0.07035,
      "VIXCLS_d1": 0.375,
      "VIXCLS_d3": 0.6600000000000001,
      "slope_10y_2y_d1": -0.0349999999999997,
      "slope_10y_2y_d3": -0.0499999999999993,
      "slope_30y_2y_d1": -0.0349999999999997,
      "slope_30y_2y_d3": -0.0449999999999999
    },
    {
      "expected_direction": "tightening_duration_supply",
      "DGS10_d1": 0.0549999999999998,
      "DGS10_d3": 0.13,
      "DGS2_d1": 0.0,
      "DGS2_d3": -0.0099999999999997,
      "DGS30_d1": 0.0750000000000001,
      "DGS30_d3": 0.1800000000000001,
      "SP500_d1": -37.78499999999985,
      "SP500_d3": -75.20499999999947,
      "THREEFYTP10_d1": 0.0204499999999999,
      "THREEFYTP10_d3": 0.0430499999999999,
      "VIXCLS_d1": 1.2299999999999995,
      "VIXCLS_d3": 2.2249999999999996,
      "slope_10y_2y_d1": 0.0549999999999998,
      "slope_10y_2y_d3": 0.1399999999999998,
      "slope_30y_2y_d1": 0.0750000000000001,
      "slope_30y_2y_d3": 0.1899999999999999
    }
  ]
}
