{
  "title": "QRA Event Robustness",
  "rows": [
    {
      "spec_id": "spec_qra_event_v2",
      "treatment_variant": "event_window_deltas_v1",
      "sample_variant": "all_events",
      "event_date_type": "official_release_date",
      "headline_bucket": "control_hold",
      "n_events": 3,
      "DGS10_d1": -0.016666666666667,
      "DGS10_d3": -0.0366666666666669,
      "DGS2_d1": 0.01,
      "DGS2_d3": -0.01,
      "DGS30_d1": -0.0266666666666664,
      "DGS30_d3": -0.02,
      "SP500_d1": -16.576666666666366,
      "SP500_d3": -15.650000000000093,
      "THREEFYTP10_d1": -0.0038,
      "THREEFYTP10_d3": -0.0149333333333333,
      "VIXCLS_d1": -0.7299999999999999,
      "VIXCLS_d3": -1.3233333333333324,
      "slope_10y_2y_d1": -0.0266666666666671,
      "slope_10y_2y_d3": -0.0266666666666668,
      "slope_30y_2y_d1": -0.0366666666666664,
      "slope_30y_2y_d3": -0.0099999999999999,
      "overlap_exclusion_note": "overlap_excluded is identical to all_events because no overlap-annotated events were flagged."
    },
    {
      "spec_id": "spec_qra_event_v2",
      "treatment_variant": "event_window_deltas_v1",
      "sample_variant": "all_events",
      "event_date_type": "official_release_date",
      "headline_bucket": "easing",
      "n_events": 2,
      "DGS10_d1": -0.0750000000000001,
      "DGS10_d3": -0.0650000000000001,
      "DGS2_d1": -0.1199999999999998,
      "DGS2_d3": -0.0799999999999998,
      "DGS30_d1": -0.05,
      "DGS30_d3": -0.0499999999999997,
      "SP500_d1": 84.375,
      "SP500_d3": 47.684999999999945,
      "THREEFYTP10_d1": -0.0365999999999999,
      "THREEFYTP10_d3": -0.0331499999999999,
      "VIXCLS_d1": -2.549999999999999,
      "VIXCLS_d3": -0.2650000000000005,
      "slope_10y_2y_d1": 0.0449999999999996,
      "slope_10y_2y_d3": 0.0149999999999996,
      "slope_30y_2y_d1": 0.0699999999999998,
      "slope_30y_2y_d3": 0.03,
      "overlap_exclusion_note": "overlap_excluded is identical to all_events because no overlap-annotated events were flagged."
    },
    {
      "spec_id": "spec_qra_event_v2",
      "treatment_variant": "event_window_deltas_v1",
      "sample_variant": "all_events",
      "event_date_type": "official_release_date",
      "headline_bucket": "tightening",
      "n_events": 2,
      "DGS10_d1": -0.0149999999999998,
      "DGS10_d3": 0.0400000000000002,
      "DGS2_d1": -0.06,
      "DGS2_d3": -0.1199999999999998,
      "DGS30_d1": 0.0199999999999998,
      "DGS30_d3": 0.1099999999999998,
      "SP500_d1": -46.08499999999958,
      "SP500_d3": -66.59999999999968,
      "THREEFYTP10_d1": -0.0172,
      "THREEFYTP10_d3": -0.01415,
      "VIXCLS_d1": 1.3599999999999994,
      "VIXCLS_d3": 2.1499999999999995,
      "slope_10y_2y_d1": 0.0450000000000001,
      "slope_10y_2y_d3": 0.1600000000000001,
      "slope_30y_2y_d1": 0.0799999999999998,
      "slope_30y_2y_d3": 0.2299999999999997,
      "overlap_exclusion_note": "overlap_excluded is identical to all_events because no overlap-annotated events were flagged."
    },
    {
      "spec_id": "spec_qra_event_v2",
      "treatment_variant": "event_window_deltas_v1",
      "sample_variant": "all_events",
      "event_date_type": "market_pricing_marker_minus_1d",
      "headline_bucket": "control_hold",
      "n_events": 3,
      "DGS10_d1": 0.0600000000000003,
      "DGS10_d3": 0.0433333333333333,
      "DGS2_d1": 0.0866666666666668,
      "DGS2_d3": 0.0966666666666669,
      "DGS30_d1": 0.0133333333333333,
      "DGS30_d3": -0.013333333333333,
      "SP500_d1": -41.26666666666688,
      "SP500_d3": -57.84333333333325,
      "THREEFYTP10_d1": 0.0243333333333333,
      "THREEFYTP10_d3": 0.0205333333333333,
      "VIXCLS_d1": 0.6666666666666669,
      "VIXCLS_d3": -0.0633333333333331,
      "slope_10y_2y_d1": -0.0266666666666665,
      "slope_10y_2y_d3": -0.0533333333333336,
      "slope_30y_2y_d1": -0.0733333333333335,
      "slope_30y_2y_d3": -0.1099999999999999,
      "overlap_exclusion_note": "overlap_excluded is identical to all_events because no overlap-annotated events were flagged."
    },
    {
      "spec_id": "spec_qra_event_v2",
      "treatment_variant": "event_window_deltas_v1",
      "sample_variant": "all_events",
      "event_date_type": "market_pricing_marker_minus_1d",
      "headline_bucket": "easing",
      "n_events": 2,
      "DGS10_d1": -0.01,
      "DGS10_d3": -0.0850000000000001,
      "DGS2_d1": 0.0449999999999999,
      "DGS2_d3": -0.0749999999999999,
      "DGS30_d1": -0.02,
      "DGS30_d3": -0.07,
      "SP500_d1": 23.539999999999964,
      "SP500_d3": 107.91499999999996,
      "THREEFYTP10_d1": 0.0050999999999999,
      "THREEFYTP10_d3": -0.0314999999999999,
      "VIXCLS_d1": -2.3500000000000014,
      "VIXCLS_d3": -4.9,
      "slope_10y_2y_d1": -0.0549999999999998,
      "slope_10y_2y_d3": -0.0100000000000002,
      "slope_30y_2y_d1": -0.0649999999999999,
      "slope_30y_2y_d3": 0.0049999999999998,
      "overlap_exclusion_note": "overlap_excluded is identical to all_events because no overlap-annotated events were flagged."
    },
    {
      "spec_id": "spec_qra_event_v2",
      "treatment_variant": "event_window_deltas_v1",
      "sample_variant": "all_events",
      "event_date_type": "market_pricing_marker_minus_1d",
      "headline_bucket": "tightening",
      "n_events": 2,
      "DGS10_d1": -0.0350000000000001,
      "DGS10_d3": -0.05,
      "DGS2_d1": -0.0649999999999997,
      "DGS2_d3": -0.1249999999999997,
      "DGS30_d1": -0.0149999999999994,
      "DGS30_d3": 0.0050000000000003,
      "SP500_d1": -30.260000000000225,
      "SP500_d3": -76.3449999999998,
      "THREEFYTP10_d1": -0.01355,
      "THREEFYTP10_d3": -0.03075,
      "VIXCLS_d1": 1.0000000000000009,
      "VIXCLS_d3": 2.3600000000000003,
      "slope_10y_2y_d1": 0.0299999999999995,
      "slope_10y_2y_d3": 0.0749999999999996,
      "slope_30y_2y_d1": 0.0500000000000002,
      "slope_30y_2y_d3": 0.13,
      "overlap_exclusion_note": "overlap_excluded is identical to all_events because no overlap-annotated events were flagged."
    },
    {
      "spec_id": "spec_qra_event_v2",
      "treatment_variant": "event_window_deltas_v1",
      "sample_variant": "overlap_excluded",
      "event_date_type": "official_release_date",
      "headline_bucket": "control_hold",
      "n_events": 3,
      "DGS10_d1": -0.016666666666667,
      "DGS10_d3": -0.0366666666666669,
      "DGS2_d1": 0.01,
      "DGS2_d3": -0.01,
      "DGS30_d1": -0.0266666666666664,
      "DGS30_d3": -0.02,
      "SP500_d1": -16.576666666666366,
      "SP500_d3": -15.650000000000093,
      "THREEFYTP10_d1": -0.0038,
      "THREEFYTP10_d3": -0.0149333333333333,
      "VIXCLS_d1": -0.7299999999999999,
      "VIXCLS_d3": -1.3233333333333324,
      "slope_10y_2y_d1": -0.0266666666666671,
      "slope_10y_2y_d3": -0.0266666666666668,
      "slope_30y_2y_d1": -0.0366666666666664,
      "slope_30y_2y_d3": -0.0099999999999999,
      "overlap_exclusion_note": "overlap_excluded is identical to all_events because no overlap-annotated events were flagged."
    },
    {
      "spec_id": "spec_qra_event_v2",
      "treatment_variant": "event_window_deltas_v1",
      "sample_variant": "overlap_excluded",
      "event_date_type": "official_release_date",
      "headline_bucket": "easing",
      "n_events": 2,
      "DGS10_d1": -0.0750000000000001,
      "DGS10_d3": -0.0650000000000001,
      "DGS2_d1": -0.1199999999999998,
      "DGS2_d3": -0.0799999999999998,
      "DGS30_d1": -0.05,
      "DGS30_d3": -0.0499999999999997,
      "SP500_d1": 84.375,
      "SP500_d3": 47.684999999999945,
      "THREEFYTP10_d1": -0.0365999999999999,
      "THREEFYTP10_d3": -0.0331499999999999,
      "VIXCLS_d1": -2.549999999999999,
      "VIXCLS_d3": -0.2650000000000005,
      "slope_10y_2y_d1": 0.0449999999999996,
      "slope_10y_2y_d3": 0.0149999999999996,
      "slope_30y_2y_d1": 0.0699999999999998,
      "slope_30y_2y_d3": 0.03,