expected_direction,DGS10_d1,DGS10_d3,DGS2_d1,DGS2_d3,DGS30_d1,DGS30_d3,SP500_d1,SP500_d3,THREEFYTP10_d1,THREEFYTP10_d3,VIXCLS_d1,VIXCLS_d3,slope_10y_2y_d1,slope_10y_2y_d3,slope_30y_2y_d1,slope_30y_2y_d3
easing_coupon_restraint,-0.0550000000000001,-0.1600000000000001,-0.04,-0.0849999999999999,-0.04,-0.1499999999999998,35.51999999999998,97.50999999999976,-0.0228,-0.0662999999999999,-1.4399999999999995,-2.6799999999999997,-0.0150000000000001,-0.0750000000000001,0.0,-0.0649999999999999
easing_hold_duration_constant,0.0,-0.0550000000000001,-0.0049999999999999,-0.0899999999999998,-0.0049999999999999,-0.0399999999999999,-48.88999999999987,-34.63499999999977,-0.0032499999999999,-0.0299999999999999,0.3600000000000003,-0.125,0.0049999999999999,0.0349999999999996,0.0,0.0499999999999998
mixed_modest_tightening,-0.0449999999999999,-0.1399999999999996,-0.0100000000000002,-0.0900000000000002,-0.0449999999999999,-0.1350000000000002,-41.14000000000033,-50.530000000000655,-0.0216499999999999,-0.07035,0.375,0.6600000000000001,-0.0349999999999997,-0.0499999999999993,-0.0349999999999997,-0.0449999999999999
tightening_duration_supply,0.0549999999999998,0.13,0.0,-0.0099999999999997,0.0750000000000001,0.1800000000000001,-37.78499999999985,-75.20499999999947,0.0204499999999999,0.0430499999999999,1.2299999999999995,2.2249999999999996,0.0549999999999998,0.1399999999999998,0.0750000000000001,0.1899999999999999
