spec_id,treatment_variant,headline_bucket,DGS10_d1,DGS10_d3,DGS2_d1,DGS2_d3,DGS30_d1,DGS30_d3,SP500_d1,SP500_d3,THREEFYTP10_d1,THREEFYTP10_d3,VIXCLS_d1,VIXCLS_d3,slope_10y_2y_d1,slope_10y_2y_d3,slope_30y_2y_d1,slope_30y_2y_d3
spec_qra_event_v2,event_window_deltas_v1,control_hold,0.0216666666666666,0.0033333333333331,0.0483333333333334,0.0433333333333334,-0.0066666666666665,-0.0166666666666665,-28.921666666666624,-36.74666666666667,0.0102666666666666,0.0027999999999999,-0.0316666666666665,-0.6933333333333328,-0.0266666666666668,-0.0400000000000002,-0.0549999999999999,-0.0599999999999999
spec_qra_event_v2,event_window_deltas_v1,easing,-0.0425,-0.0750000000000001,-0.0374999999999999,-0.0774999999999998,-0.035,-0.0599999999999999,53.95749999999998,77.79999999999995,-0.01575,-0.0323249999999999,-2.45,-2.5825000000000005,-0.0050000000000001,0.0024999999999997,0.0024999999999999,0.0174999999999999
spec_qra_event_v2,event_window_deltas_v1,tightening,-0.025,-0.0049999999999998,-0.0624999999999998,-0.1224999999999998,0.0025000000000001,0.0575,-38.1724999999999,-71.47249999999974,-0.015375,-0.02245,1.1800000000000002,2.255,0.0374999999999998,0.1174999999999998,0.065,0.1799999999999998
